{
    "TYR": {
        "O:C:CA:CB": [
            "N:CA:C:O",
            122.67502376738122
        ],
        "CA:CB:CG:CD2": [
            "chi2",
            180.0
        ],
        "CD1:CE1:CZ": 119.5561768465036,
        "CB:CG:CD2:CE2": 180.0,
        "CA:CB:CG": 113.77559972995873,
        "CE1:CZ:OH": 119.78689794233843,
        "N:CA:CB": 110.67124925071458,
        "CD2:CE2": 1.3882742969006683,
        "CB:CG": 1.511527573877123,
        "CB:CG:CD1:CE1": 180.0,
        "CG:CD1:CE1": 121.13637685690644,
        "CB:CG:CD2": 120.88343832761437,
        "CD2:CG": 1.391598241816708,
        "CE1:CZ": 1.3822840896312394,
        "CD1:CE1": 1.3886545969005066,
        "CD1:CG": 1.3921179408135655,
        "CZ:OH": 1.3763220131526714,
        "CB:CG:CD1": 120.89738838257061,
        "CG:CD2:CE2": 121.138030109613,
        "CA:CB": 1.5318648975866698,
        "CD1:CE1:CZ:OH": 180.0,
        "CG:CD1:CE1:CZ": 0.030435883201851595,
        "CB:CA:C": 110.02260609814962,
        "sidechain atoms": [
            "CB",
            "CD1",
            "CD2",
            "CE1",
            "CE2",
            "CG",
            "CZ",
            "OH"
        ]
    },
    "ARG": {
        "O:C:CA:CB": [
            "N:CA:C:O",
            122.8886646428441
        ],
        "CD:NE:CZ:NH1": 180.0,
        "CD:NE:CZ:NH2": 0.0,
        "NE:CZ:NH2": 119.84058573159284,
        "CA:CB:CG": 113.99208064240689,
        "CD:NE:CZ": 124.6472832994002,
        "N:CA:CB": 110.66721240943556,
        "CB:CG": 1.5214584874242512,
        "CG:CD:NE": 111.74296952603781,
        "CB:CG:CD": 111.73239105369245,
        "NE:CZ:NH1": 120.50738850256091,
        "CZ:NH2": 1.3270534126445246,
        "CD:CG": 1.5214712958937626,
        "CD:NE": 1.4612834817862255,
        "CZ:NE": 1.3307507526849185,
        "CA:CB": 1.5312179072689855,
        "CB:CA:C": 110.08394432024174,
        "CZ:NH1": 1.328271265948817,
        "sidechain atoms": [
            "CB",
            "CD",
            "CG",
            "CZ",
            "NE",
            "NH1",
            "NH2"
        ]
    },
    "GLN": {
        "O:C:CA:CB": [
            "N:CA:C:O",
            122.90777904817111
        ],
        "CB:CG:CD:NE2": [
            "chi3",
            180.0
        ],
        "CA:CB:CG": 113.99192753054206,
        "N:CA:CB": 110.58460183142658,
        "CB:CG": 1.5215660942190543,
        "CD:NE2": 1.328827064235861,
        "CB:CG:CD": 112.73882329389585,
        "CG:CD:NE2": 116.453812439168,
        "CD:OE1": 1.233092544484541,
        "CD:CG": 1.5176870195066658,
        "CA:CB": 1.5307792390460322,
        "CG:CD:OE1": 120.90253215660695,
        "CB:CA:C": 110.10789114183746,
        "sidechain atoms": [
            "CB",
            "CD",
            "CG",
            "NE2",
            "OE1"
        ]
    },
    "MET": {
        "O:C:CA:CB": [
            "N:CA:C:O",
            122.95410984089975
        ],
        "CA:CB:CG": 114.03718825265499,
        "N:CA:CB": 110.58863418212317,
        "CB:CG": 1.5226810834295395,
        "CB:CG:SD": 112.97940899185437,
        "CG:SD": 1.8061607500900068,
        "CE:SD": 1.790767184612681,
        "CA:CB": 1.5315564163538444,
        "CG:SD:CE": 100.85051627595959,
        "CB:CA:C": 110.14291862662864,
        "sidechain atoms": [
            "CB",
            "CE",
            "CG",
            "SD"
        ]
    },
    "LEU": {
        "O:C:CA:CB": [
            "N:CA:C:O",
            122.6792781246501
        ],
        "CA:CB:CG:CD2": [
            "chi2",
            122.90347639736103
        ],
        "CA:CB:CG": 116.41568681950253,
        "N:CA:CB": 110.55858839271963,
        "CB:CG": 1.5314112801209108,
        "CB:CG:CD2": 110.62370981891432,
        "CD2:CG": 1.5226144388332092,
        "CD1:CG": 1.5221465567764798,
        "CB:CG:CD1": 110.4375430548035,
        "CA:CB": 1.5313068774292629,
        "CB:CA:C": 110.07620013417042,
        "sidechain atoms": [
            "CB",
            "CD1",
            "CD2",
            "CG"
        ]
    },
    "TRP": {
        "O:C:CA:CB": [
            "N:CA:C:O",
            122.87073288864673
        ],
        "CA:CB:CG:CD2": [
            "chi2",
            180.0
        ],
        "CB:CG:CD2:CE2": 180.0,
        "CH2:CZ2": 1.3714437166578017,
        "CA:CB:CG": 113.81850695073311,
        "CZ2:CH2:CZ3": 121.47024594158745,
        "N:CA:CB": 110.56554751161899,
        "CD2:CE2": 1.4116828934731251,
        "CB:CG": 1.4985133087860625,
        "CH2:CZ3": 1.40460730213956,
        "CG:CD1:NE1": 110.12997937442384,
        "CD2:CE2:CZ2:CH2": 0.01708595210558532,
        "CB:CG:CD2": 126.70444884700964,
        "CG:CD2:CE2:CZ2": 180.0,
        "CD2:CG": 1.4339519100787035,
        "CD1:CG": 1.3660486683435535,
        "CD2:CE3": 1.4003758972999607,
        "CG:CD2:CE3": 133.89143405261478,
        "CB:CG:CD1": 127.02722768367356,
        "CG:CD2:CE2": 107.22368106834926,
        "CB:CG:CD2:CE3": -0.23270096397376144,
        "CA:CB": 1.531834445956508,
        "CE2:CZ2:CH2": 117.47603684918077,
        "CD1:NE1": 1.3749143935405124,
        "CB:CG:CD1:NE1": 180.0,
        "CE2:CZ2": 1.3971398131450445,
        "CD2:CE2:CZ2": 122.4064611913481,
        "CE2:CZ2:CH2:CZ3": -0.025389833010956122,
        "CB:CA:C": 110.24383402221733,
        "sidechain atoms": [
            "CB",
            "CD1",
            "CD2",
            "CE2",
            "CE3",
            "CG",
            "CH2",
            "CZ2",
            "CZ3",
            "NE1"
        ]
    },
    "VAL": {
        "O:C:CA:CB": [
            "N:CA:C:O",
            123.41953805787176
        ],
        "N:CA:CB:CG2": [
            "chi1",
            122.79932306462806
        ],
        "N:CA:CB": 111.60446880404855,
        "CA:CB": 1.5472895503635797,
        "CB:CG1": 1.5253759338290145,
        "CA:CB:CG2": 110.41456385033848,
        "CA:CB:CG1": 110.76714682129506,
        "CB:CA:C": 110.15938533351685,
        "CB:CG2": 1.5240553251132598,
        "sidechain atoms": [
            "CB",
            "CG1",
            "CG2"
        ]
    },
    "PHE": {
        "O:C:CA:CB": [
            "N:CA:C:O",
            122.82487022260585
        ],
        "CA:CB:CG:CD2": [
            "chi2",
            180.0
        ],
        "CD1:CE1:CZ": 119.91680931565922,
        "CB:CG:CD2:CE2": 180.0,
        "CA:CB:CG": 113.82763050991437,
        "N:CA:CB": 110.56860443338425,
        "CD2:CE2": 1.389934547095504,
        "CB:CG": 1.5025375368548297,
        "CB:CG:CD1:CE1": 180.0,
        "CG:CD1:CE1": 120.80189132220363,
        "CB:CG:CD2": 120.60630492359726,
        "CD2:CG": 1.3890773955579796,
        "CE1:CZ": 1.3857339875001993,
        "CD1:CE1": 1.3895485240668495,
        "CD1:CG": 1.3892961143033973,
        "CB:CG:CD1": 120.6326851586283,
        "CG:CD2:CE2": 120.80902727480841,
        "CA:CB": 1.5320576152848078,
        "CG:CD1:CE1:CZ": -0.01032495374161301,
        "CB:CA:C": 110.12717120887244,
        "sidechain atoms": [
            "CB",
            "CD1",
            "CD2",
            "CE1",
            "CE2",
            "CG",
            "CZ"
        ]
    },
    "SER": {
        "O:C:CA:CB": [
            "N:CA:C:O",
            122.77939524933794
        ],
        "CB:OG": 1.4165216069378017,
        "N:CA:CB": 110.48367572437559,
        "CA:CB": 1.5305414539358408,
        "CA:CB:OG": 110.93413409149835,
        "CB:CA:C": 109.87017862467998,
        "sidechain atoms": [
            "CB",
            "OG"
        ]
    },
    "ALA": {
        "O:C:CA:CB": [
            "N:CA:C:O",
            122.9501810231431
        ],
        "N:CA:CB": 110.41200233904715,
        "CA:CB": 1.523798930628717,
        "CB:CA:C": 110.34814078609769,
        "sidechain atoms": [
            "CB"
        ]
    },
    "ASP": {
        "O:C:CA:CB": [
            "N:CA:C:O",
            122.9348306774184
        ],
        "CA:CB:CG:OD2": [
            "chi2",
            180.0
        ],