{
    "TYR": {
        "O:C:CA:CB": [
            "N:CA:C:O",
            122.79722383189096
        ],
        "CA:CB:CG:CD2": [
            "chi2",
            179.9
        ],
        "CD1:CE1:CZ": 119.55963990288413,
        "CB:CG:CD2:CE2": 179.9,
        "CA:CB:CG": 113.79810574540018,
        "CE1:CZ:OH": 119.79580397827152,
        "N:CA:CB": 110.60207321775484,
        "CD2:CE2": 1.3895055795272733,
        "CB:CG": 1.5118636379049777,
        "CB:CG:CD1:CE1": 179.9,
        "CG:CD1:CE1": 121.13950065247886,
        "CB:CG:CD2": 120.87923781739481,
        "CD2:CG": 1.3925404640744246,
        "CE1:CZ": 1.3835326094432505,
        "CD1:CE1": 1.3898115373703066,
        "CD1:CG": 1.3928871211827436,
        "CZ:OH": 1.3762869546571392,
        "CB:CG:CD1": 120.91192943359263,
        "CG:CD2:CE2": 121.14949561229676,
        "CA:CB": 1.5322372964652538,
        "CD1:CE1:CZ:OH": 179.9,
        "CG:CD1:CE1:CZ": 0.004982727766069544,
        "CB:CA:C": 110.04375732993941,
        "sidechain atoms": [
            "CB",
            "CD1",
            "CD2",
            "CE1",
            "CE2",
            "CG",
            "CZ",
            "OH"
        ]
    },
    "ARG": {
        "O:C:CA:CB": [
            "N:CA:C:O",
            122.87269691933471
        ],
        "CD:NE:CZ:NH1": 179.9,
        "CD:NE:CZ:NH2": 0.1,
        "NE:CZ:NH2": 119.8731333686214,
        "CA:CB:CG": 114.06417155379155,
        "CD:NE:CZ": 124.58842551255854,
        "N:CA:CB": 110.605469581498,
        "CB:CG": 1.5216494301227,
        "CG:CD:NE": 111.81873999816435,
        "CB:CG:CD": 111.68894236357016,
        "NE:CZ:NH1": 120.43519982126605,
        "CZ:NH2": 1.3272062660670791,
        "CD:CG": 1.5220790046944783,
        "CD:NE": 1.4613125306638974,
        "CZ:NE": 1.3306751503562868,
        "CA:CB": 1.531267606095008,
        "CB:CA:C": 110.09718035860698,
        "CZ:NH1": 1.3285095641833418,
        "sidechain atoms": [
            "CB",
            "CD",
            "CG",
            "CZ",
            "NE",
            "NH1",
            "NH2"
        ]
    },
    "GLN": {
        "O:C:CA:CB": [
            "N:CA:C:O",
            122.92994303139164
        ],
        "CB:CG:CD:NE2": [
            "chi3",
            179.9
        ],
        "CA:CB:CG": 114.03579451658213,
        "N:CA:CB": 110.5782016254777,
        "CB:CG": 1.522422918975412,
        "CD:NE2": 1.329206726477533,
        "CB:CG:CD": 112.7251206655254,
        "CG:CD:NE2": 116.4570055480512,
        "CD:OE1": 1.2330455540010723,
        "CD:CG": 1.5182556234352342,
        "CA:CB": 1.5311566634608589,
        "CG:CD:OE1": 120.91122746336143,
        "CB:CA:C": 110.0761923956809,
        "sidechain atoms": [
            "CB",
            "CD",
            "CG",
            "NE2",
            "OE1"
        ]
    },
    "MET": {
        "O:C:CA:CB": [
            "N:CA:C:O",
            122.8463870492534
        ],
        "CA:CB:CG": 114.04162207705522,
        "N:CA:CB": 110.60593575159331,
        "CB:CG": 1.5215428216165288,
        "CB:CG:SD": 112.82286644683299,
        "CG:SD": 1.8058420892519562,
        "CE:SD": 1.7916552482372943,
        "CA:CB": 1.5311229941935132,
        "CG:SD:CE": 100.85817078751361,
        "CB:CA:C": 110.05473931471302,
        "sidechain atoms": [
            "CB",
            "CE",
            "CG",
            "SD"
        ]
    },
    "LEU": {
        "O:C:CA:CB": [
            "N:CA:C:O",
            122.69640032304909
        ],
        "CA:CB:CG:CD2": [
            "chi2",
            122.90056957483188
        ],
        "CA:CB:CG": 116.46883057734757,
        "N:CA:CB": 110.53808458316475,
        "CB:CG": 1.5314023984331622,
        "CB:CG:CD2": 110.57558985348933,
        "CD2:CG": 1.5230948214235733,
        "CD1:CG": 1.522406363247833,
        "CB:CG:CD1": 110.4640388644276,
        "CA:CB": 1.5313912604647322,
        "CB:CA:C": 110.01007077216603,
        "sidechain atoms": [
            "CB",
            "CD1",
            "CD2",
            "CG"
        ]
    },
    "TRP": {
        "O:C:CA:CB": [
            "N:CA:C:O",
            122.77019516728927
        ],
        "CA:CB:CG:CD2": [
            "chi2",
            179.9
        ],
        "CB:CG:CD2:CE2": 179.9,
        "CH2:CZ2": 1.3715982953667578,
        "CA:CB:CG": 113.99297033291454,
        "CZ2:CH2:CZ3": 121.46816631477193,
        "N:CA:CB": 110.60484195986494,
        "CD2:CE2": 1.4120664446895728,
        "CB:CG": 1.498851110108268,
        "CH2:CZ3": 1.404675479154485,
        "CG:CD1:NE1": 110.14860176992963,
        "CD2:CE2:CZ2:CH2": -0.003171481192442316,
        "CB:CG:CD2": 126.70810344132394,
        "CG:CD2:CE2:CZ2": 179.9,
        "CD2:CG": 1.4330121959985527,
        "CD1:CG": 1.3664470331110325,
        "CD2:CE3": 1.400782231097442,
        "CG:CD2:CE3": 133.90257972186856,
        "CB:CG:CD1": 126.99573166384256,
        "CG:CD2:CE2": 107.22140081585306,
        "CB:CG:CD2:CE3": -0.18931056597532242,
        "CA:CB": 1.5317474426486961,
        "CE2:CZ2:CH2": 117.48782158152395,
        "CD1:NE1": 1.3749601423031226,
        "CB:CG:CD1:NE1": 179.9,
        "CE2:CZ2": 1.397621992051815,
        "CD2:CE2:CZ2": 122.41152276993733,
        "CE2:CZ2:CH2:CZ3": 0.001565606052938168,
        "CB:CA:C": 110.00796871401512,
        "sidechain atoms": [
            "CB",
            "CD1",
            "CD2",
            "CE2",
            "CE3",
            "CG",
            "CH2",
            "CZ2",
            "CZ3",
            "NE1"
        ]
    },
    "VAL": {
        "O:C:CA:CB": [
            "N:CA:C:O",
            123.2959799618535
        ],
        "N:CA:CB:CG2": [
            "chi1",
            122.74288307134447
        ],
        "N:CA:CB": 111.54080351037092,
        "CA:CB": 1.5463572827545162,
        "CB:CG1": 1.5246499567091094,
        "CA:CB:CG2": 110.38365623768718,
        "CA:CB:CG1": 110.6948530975194,
        "CB:CA:C": 110.084168772196,
        "CB:CG2": 1.5240185479262305,
        "sidechain atoms": [
            "CB",
            "CG1",
            "CG2"
        ]
    },
    "PHE": {
        "O:C:CA:CB": [
            "N:CA:C:O",
            122.78477181222593
        ],
        "CA:CB:CG:CD2": [
            "chi2",
            179.9
        ],
        "CD1:CE1:CZ": 119.90205349592893,
        "CB:CG:CD2:CE2": 179.9,
        "CA:CB:CG": 113.83170022298536,
        "N:CA:CB": 110.63536851122657,
        "CD2:CE2": 1.3910928378962188,
        "CB:CG": 1.503725605925895,
        "CB:CG:CD1:CE1": 179.9,
        "CG:CD1:CE1": 120.81612598319344,
        "CB:CG:CD2": 120.59747863161792,
        "CD2:CG": 1.3897025030334125,
        "CE1:CZ": 1.3869916729560972,
        "CD1:CE1": 1.3911480086330048,
        "CD1:CG": 1.3898799528144266,
        "CB:CG:CD1": 120.64623663101213,
        "CG:CD2:CE2": 120.827765798567,
        "CA:CB": 1.532575511685891,
        "CG:CD1:CE1:CZ": 0.000404659530026568,
        "CB:CA:C": 110.09183280242206,
        "sidechain atoms": [
            "CB",
            "CD1",
            "CD2",
            "CE1",
            "CE2",
            "CG",
            "CZ"
        ]
    },
    "SER": {
        "O:C:CA:CB": [
            "N:CA:C:O",
            122.77205173880662
        ],
        "CB:OG": 1.4168409582867767,
        "N:CA:CB": 110.51029385600712,
        "CA:CB": 1.5305631728752964,
        "CA:CB:OG": 110.93291329072642,
        "CB:CA:C": 109.85974745408771,
        "sidechain atoms": [
            "CB",
            "OG"
        ]
    },
    "ALA": {
        "O:C:CA:CB": [
            "N:CA:C:O",
            122.88242336131555
        ],
        "N:CA:CB": 110.39913547553397,
        "CA:CB": 1.524951635606021,
        "CB:CA:C": 110.30767261257279,
        "sidechain atoms": [
            "CB"
        ]
    },
    "ASP": {
        "O:C:CA:CB": [
            "N:CA:C:O",
            122.9071485582632
        ],
        "CA:CB:CG:OD2": [
            "chi2",
            179.9
        ],